vismaifoodies,,
konaseema_food_vlogs.7104,,
mysorefoodgram,,
foodie_in_car,,
food_hunter_.1,,
foodonfarm,,
rohit_foodvlogs,,
foodiegirl_diya,,
afc_foods,,
mawa_bro_food_vlogs,,
the_foodie_grl_,,
foodman_things,,
foodie_._gurl,,
thk_foodcourt,,
the_nostalgic_foodiee,,
eluru_street_food_,,
kakinada_food,,
foodiees_circle_,,
_good_46_,,
vizag_food_girl,,
seoul_food,,
foody_melodies_07,,
_fusion.foodie_,,
foodjodi,,
salem_foodies_stories,,
foodozers,,
foodpharmer,,
foodtales.vijayawada,,
bezawada_food_king_46,,
the_foodivers_eluru,,
kirrak_food_of_ganapavaram,,
hotel9_foodcourt,,
foodenshmirtz,,
foodie_ankiit,,
kshatriyaa_foods,,
healdy_foods,,
food.captain_,,
mysorebites,,
sarkari_foodie,,
sathyachinnu_foodie,,
foodie._.girl._.1122,,
_foodiee_99,,
foodgotmewasted,,
foodporn,,
food.of.spirit,,
indian_foodys__asmr,,
foodmetrics,,
foodventurer_,,
maa_village_foods,,
dr.foodiehyd,,
143_food_143,,
_food_wings,,
thetravelling.foodie,,
karthikeya_fast_food,,
travel.treats_food,,
the.food.chic,,
foodunwrappedtv,,
food.darzee,,
bark.food,,
indian_food528,,
the.hungervibes,,
eatsby.vinni,,
bangalore_foodblogger_aj,,
foodierichaaa,,
scoop_n_slice,,
helsi.yummy_food,,
hyderabadi_khane_ki_swad,,
kolkatareviewfoodblogar,,
mystery_flavours4,,
food_blogger0029,,
foodblogger,,
food__vlogs__786,,
foodblog_ger,,
delicious_delicacy_ngp,,
lians_food_blogger,,
foodie___girl34,,
lone_wolf_cook,,
what.where.in.chennai,,
dishes_byoma,,
appetite_explorer,,0
gohiljay17,,
food.palate._,,
engineerfoodblogger,,
delhifoodlust,,
foodgotwings,,
tattim_biliyorum,,
food_blogger8080,,
foodblogger_worldw,,
yummy_paradise.1,,
foodloverbylis,,
mh13_food_blogger,,
food.blogger.lyf,,
food_blogger290,,
foodbloggerai,,
brakha_foodblogger,,
food_roam,,
sm_foodblogger,,
everyfoodpic_onmyphone,,
food_bloggerbd,,
satna_foodblogger,,
winda_homemade,,
bhukkad_engineerr,,
_food_blogger7990,,
food_blogger_suhana,,
westbengalfoodblogger09,,
fallen.for.food,,
fastfoodunboxed,,
ahmed.eats,,
the_endless_meal,,
extr0vertkitchen,,
food.blogger.from.usa,,
pro_foodie_s,,
foodblogger_7,,
call_me_foodie_panda,,
hana_foodblogger,,
__.foodies_world-16,,
street_food_world_8055,,
food_blogger_fan,,
thefoodcorner6,,
food_photography_99,,
foodphotography,,
foodphotography181,,
foodphotography_cocktail,,
food_photography.__,,
feb_foodframes,,
foodphotography_y,,
foodygirl34,,
food_photography334,,
foodphotography62,,
yd_foodphotography,,
gfood_photography17620,,
food.photographyxi,,
food_photography_9854,,
foodphotographycorner,,
foodphotography80,,
food.n.photography,,
eat.with.tola,,
delightz_aroma,,
food.photography__0,,
sukashoot.pro,,
foodphotography84,,
foodphotographywithme,,
en_foodphotography,,
kei.foodphotography,,
_food_photo_graphy_,,
goodphotographytips,,
food_photographyips,,
food_photography_26,,
foodphotography.nl,,
foodp_hotography23,,
ima_foodphotography,,
foodphotographygt,,
food_photography_and_styling,,
jijestudio,,
kajufoodphotography,,
foodphotography_hk,,
foodp_hotography12,,
hyderabadi_foodphotography,,
foodelia,,
foodphotographyy,,
food.photo_grafy,,
kanae_masuda_,,
food.photographylab,,
dood_shoot24,,
foodphotography99,,
fifty_shades_0f_.recipe,,
food_and_photons,,
magdabright_foodphotography,,
elenasamama.photography,,
love_to_cook_13,,
my_kitchn_corner,,
lets_eat_with_u,,
food_photography_13,,
fo.od1990,,
cc.foodphotography,,
food_photography462,,
foodphotography_india,,
yummy__shots,,
p.photography.t,,
foodblogfeed,,
foodblog_feed,,
foodblogfeed_._.__,,
foodblogfeed_._.__,,
__foodblogfeed__,,
food_blogger_eating_my_empire,,
foodblogfeeds,,
foodblogfeed.czech,,
samiras_pinchofsalt,,
food.blog.feed03,,
sau_te_,,
feed_ypurself_ukr,,
feed.me.freedom,,
the.chennai.foodie,,
the_foodie_dad,,
salem_foodie_stories,,
nom.nom.foodie,,
foodiees_circle_,,
the_nostalgic_foodiee,,
the.foodie.yatra,,
foodiewe,,
im_foodie_chef,,
me_haay_foodie,,
hijabi_foodie_mysore,,
foodie_incamate,,
wanderingg_foodie,,
dr.foodiehyd,,
foodie_.chef,,
coimbatore_foodie_girl,,
travel_foodie_tiku,,
midknight__foodie,,
sathyachinnu_foodie,,
jv_vlog_foodie,,
sarkari_foodie,,
chocolatelover112232,,
tirupur_foodie,,
_foodie_from_dun,,
_foodie_duo,,
foodie.da_calcutta,,
foodies_findings,,
the.foodie.tales,,
foo.diemama,,
foodie_sha_,,
_motto_foodie,,
foodiewememes,,
foodie.prit,,
pune_foodies_,,
foodiee_ishh,,
funwith_foodie,,
hey__foodies18,,
foodie.on.wheelz,,
foodielover0226,,
_foodie_home,,
foodie_thadiyan,,
surat_foodie,,
foodie_mona_,,
foodie_bite_,,
teddy_foodie,,
foodieflicks_17,,
foodie_begum_,,
bhimavaram_.foodiesfoodies_in_bhimavaram,,
insta_foodie_girl_dehradun,,
insta_foodm,,
instafood697,,
ronanpoptte,,
recepti_instafood,,
instafood_namur,,
blissful_bite_99,,
instafood__vlog,,
insta.foodie01,,
instafood1147,,
